{
  "version": 8,
  "name": "Basic",
  "sources": {
      "mapbox": {
          "url": "http://vectortiles.osm2vectortiles.org/world.json",
          "type": "vector"
      }
  },
  "sprite": "mapbox://sprites/mapbox/basic-v8",
  "glyphs": "mapbox://fonts/mapbox/{fontstack}/{range}.pbf",
  "layers": [
    {
      "id": "background",
      "type": "background",
      "paint": {
        "background-color": "#dedede"
      }
    },
    {
      "id": "landuse_park",
      "type": "fill",
      "source": "mapbox",
      "source-layer": "landuse",
      "filter": [
        "==",
        "class",
        "park"
      ],
      "paint": {
        "fill-color": "#d2edae"
      }
    },
    {
      "id": "waterway",
      "type": "line",
      "source": "mapbox",
      "source-layer": "waterway",
      "filter": [
        "all",
        [
          "==",
          "$type",
          "LineString"
        ],
        [
          "in",
          "class",
          "river",
          "canal"
        ]
      ],
      "paint": {
        "line-color": "#a0cfdf",
        "line-width": {
          "base": 1.4,
          "stops": [
            [
              8,
              0.5
            ],
            [
              20,
              15
            ]
          ]
        }
      }
    },
    {
      "id": "water",
      "type": "fill",
      "source": "mapbox",
      "source-layer": "water",
      "paint": {
        "fill-color": "#a0cfdf"
      }
    },
    {
      "id": "building",
      "type": "fill",
      "source": "mapbox",
      "source-layer": "building",
      "paint": {
        "fill-color": "#d6d6d6"
      }
    },
    {
      "id": "tunnel_minor",
      "type": "line",
      "source": "mapbox",
      "source-layer": "tunnel",
      "filter": [
        "all",
        [
          "==",
          "$type",
          "LineString"
        ],
        [
          "in",
          "class",
          "motorway_link",
          "street",
          "street_limited",
          "service",
          "driveway",
          "path"
        ]
      ],
      "paint": {
        "line-color": "#efefef",
        "line-width": {
          "base": 1.55,
          "stops": [
            [
              4,
              0.25
            ],
            [
              20,
              30
            ]
          ]
        },
        "line-dasharray": [
          0.36,
          0.18
        ]
      }
    },
    {
      "id": "tunnel_major",
      "type": "line",
      "source": "mapbox",
      "source-layer": "tunnel",
      "filter": [
        "all",
        [
          "==",
          "$type",
          "LineString"
        ],
        [
          "in",
          "class",
          "motorway",
          "main"
        ]
      ],
      "paint": {
        "line-color": "#fff",
        "line-width": {
          "base": 1.4,
          "stops": [
            [
              6,
              0.5
            ],
            [
              20,
              30
            ]
          ]
        },
        "line-dasharray": [
          0.28,
          0.14
        ]
      }
    },
    {
      "id": "road_minor",
      "type": "line",
      "source": "mapbox",
      "source-layer": "road",
      "filter": [
        "all",
        [
          "==",
          "$type",
          "LineString"
        ],
        [
          "in",
          "class",
          "motorway_link",
          "street",
          "street_limited",
          "service",
          "driveway",
          "path"
        ]
      ],
      "layout": {
        "line-cap": "round",
        "line-join": "round"
      },
      "paint": {
        "line-color": "#efefef",
        "line-width": {
          "base": 1.55,
          "stops": [
            [
              4,
              0.25
            ],
            [
              20,
              30
            ]
          ]
        }
      }
    },
    {
      "id": "road_major",
      "type": "line",
      "source": "mapbox",
      "source-layer": "road",
      "filter": [
        "all",
        [
          "==",
          "$type",
          "LineString"
        ],
        [
          "in",
          "class",
          "motorway",
          "main"
        ]
      ],
      "layout": {
        "line-cap": "round",
        "line-join": "round"
      },
      "paint": {
        "line-color": "#fff",
        "line-width": {
          "base": 1.4,
          "stops": [
            [
              6,
              0.5
            ],
            [
              20,
              30
            ]
          ]
        }
      }
    },
    {
      "id": "bridge_minor_case",
      "type": "line",
      "source": "mapbox",
      "source-layer": "bridge",
      "filter": [
        "all",
        [
          "==",
          "$type",
          "LineString"
        ],
        [
          "in",
          "class",
          "motorway_link",
          "street",
          "street_limited",
          "service",
          "driveway",
          "path"
        ]
      ],
      "paint": {
        "line-color": "#dedede",
        "line-width": {
          "base": 1.6,
          "stops": [
            [
              12,
              0.5
            ],
            [
              20,
              10
            ]
          ]
        },
        "line-gap-width": {
          "base": 1.55,
          "stops": [
            [
              4,
              0.25
            ],
            [
              20,
              30
            ]
          ]
        }
      }
    },
    {
      "id": "bridge_major_case",
      "type": "line",
      "source": "mapbox",
      "source-layer": "bridge",
      "filter": [
        "all",
        [
          "==",
          "$type",
          "LineString"
        ],
        [
          "in",
          "class",
          "motorway",
          "main"
        ]
      ],
      "paint": {
        "line-color": "#dedede",
        "line-width": {
          "base": 1.4,
          "stops": [
            [
              12,
              0.5
            ],
            [
              20,
              10
            ]
          ]
        },
        "line-gap-width": {
          "base": 1.4,
          "stops": [
            [
              6,
              0.5
            ],
            [
              20,
              30
            ]
          ]
        }
      }
    },
    {
      "id": "bridge_minor",
      "type": "line",
      "source": "mapbox",
      "source-layer": "bridge",
      "filter": [
        "all",
        [
          "==",
          "$type",
          "LineString"
        ],
        [
          "in",
          "class",
          "motorway_link",
          "street",
          "street_limited",
          "service",
          "driveway",
          "path"
        ]
      ],
      "layout": {
        "line-cap": "round",
        "line-join": "round"
      },
      "paint": {
        "line-color": "#efefef",
        "line-width": {
          "base": 1.55,
          "stops": [
            [
              4,
              0.25
            ],
            [
              20,
              30
            ]
          ]
        }
      }
    },
    {
      "id": "bridge_major",
      "type": "line",
      "source": "mapbox",
      "source-layer": "bridge",
      "filter": [
        "all",
        [
          "==",
          "$type",
          "LineString"
        ],
        [
          "in",
          "class",
          "motorway",
          "main"
        ]
      ],
      "layout": {
        "line-cap": "round",
        "line-join": "round"
      },
      "paint": {
        "line-color": "#fff",
        "line-width": {
          "base": 1.4,
          "stops": [
            [
              6,
              0.5
            ],
            [
              20,
              30
            ]
          ]
        }
      }
    },
    {
      "id": "admin_country",
      "type": "line",
      "source": "mapbox",
      "source-layer": "admin",
      "filter": [
        "all",
        [
          "==",
          "$type",
          "LineString"
        ],
        [
          "all",
          [
            "<=",
            "admin_level",
            2
          ],
          [
            "==",
            "maritime",
            0
          ]
        ]
      ],
      "layout": {
        "line-cap": "round",
        "line-join": "round"
      },
      "paint": {
        "line-color": "#8b8a8a",
        "line-width": {
          "base": 1.3,
          "stops": [
            [
              3,
              0.5
            ],
            [
              22,
              15
            ]
          ]
        }
      }
    },
    {
      "id": "poi_label",
      "type": "symbol",
      "source": "mapbox",
      "source-layer": "poi_label",
      "filter": [
        "all",
        [
          "==",
          "$type",
          "Point"
        ],
        [
          "all",
          [
            "==",
            "scalerank",
            1
          ],
          [
            "==",
            "localrank",
            1
          ]
        ]
      ],
      "minzoom": 5,
      "layout": {
        "icon-image": "{maki}-12",
        "text-offset": [
          0,
          0.5
        ],
        "text-field": "{name_en}",
        "text-font": [
          "Open Sans Semibold",
          "Arial Unicode MS Bold"
        ],
        "text-max-width": 8,
        "text-anchor": "top",
        "text-size": 11,
        "icon-size": 1
      },
      "paint": {
        "text-color": "#666",
        "text-halo-width": 1,
        "text-halo-color": "rgba(255,255,255,0.75)",
        "text-halo-blur": 1
      }
    },
    {
      "id": "road_major_label",
      "type": "symbol",
      "source": "mapbox",
      "source-layer": "road_label",
      "filter": [
        "all",
        [
          "==",
          "$type",
          "LineString"
        ],
        [
          "in",
          "class",
          "motorway",
          "main"
        ]
      ],
      "layout": {
        "symbol-placement": "line",
        "text-field": "{name_en}",
        "text-font": [
          "Open Sans Semibold",
          "Arial Unicode MS Bold"
        ],
        "text-transform": "uppercase",
        "text-letter-spacing": 0.1,
        "text-size": {
          "base": 1.4,
          "stops": [
            [
              10,
              8
            ],
            [
              20,
              14
            ]
          ]
        }
      },
      "paint": {
        "text-color": "#666",
        "text-halo-color": "rgba(255,255,255,0.75)",
        "text-halo-width": 2
      }
    },
    {
      "id": "place_label_other",
      "type": "symbol",
      "source": "mapbox",
      "source-layer": "place_label",
      "filter": [
        "all",
        [
          "==",
          "$type",
          "Point"
        ],
        [
          "in",
          "type",
          "town",
          "village",
          "hamlet",
          "suburb",
          "neighbourhood"
        ]
      ],
      "minzoom": 8,
      "layout": {
        "text-field": "{name_en}",
        "text-font": [
          "Open Sans Semibold",
          "Arial Unicode MS Bold"
        ],
        "text-max-width": 6,
        "text-size": {
          "stops": [
            [
              6,
              12
            ],
            [
              12,
              16
            ]
          ]
        }
      },
      "paint": {
        "text-color": "#666",
        "text-halo-color": "rgba(255,255,255,0.75)",
        "text-halo-width": 1,
        "text-halo-blur": 1
      }
    },
    {
      "id": "place_label_city",
      "type": "symbol",
      "source": "mapbox",
      "source-layer": "place_label",
      "filter": [
        "all",
        [
          "==",
          "$type",
          "Point"
        ],
        [
          "==",
          "type",
          "city"
        ]
      ],
      "maxzoom": 16,
      "layout": {
        "text-field": "{name_en}",
        "text-font": [
          "Open Sans Bold",
          "Arial Unicode MS Bold"
        ],
        "text-max-width": 10,
        "text-size": {
          "stops": [
            [
              3,
              12
            ],
            [
              8,
              16
            ]
          ]
        }
      },
      "paint": {
        "text-color": "#666",
        "text-halo-color": "rgba(255,255,255,0.75)",
        "text-halo-width": 1,
        "text-halo-blur": 1
      }
    },
    {
      "id": "country_label",
      "type": "symbol",
      "source": "mapbox",
      "source-layer": "country_label",
      "filter": [
        "==",
        "$type",
        "Point"
      ],
      "maxzoom": 12,
      "layout": {
        "text-field": "{name_en}",
        "text-font": [
          "Open Sans Regular",
          "Arial Unicode MS Regular"
        ],
        "text-max-width": 10,
        "text-size": {
          "stops": [
            [
              3,
              14
            ],
            [
              8,
              22
            ]
          ]
        }
      },
      "paint": {
        "text-color": "#666",
        "text-halo-color": "rgba(255,255,255,0.75)",
        "text-halo-width": 1,
        "text-halo-blur": 1
      }
    }
  ]
}
